,year,life_stage,deaths
0,1990,Day 0-6,30866.071428571428
1,1990,Day 28-364,39093.198979591834
2,1990,Day 7-27,12901.867346938776
3,1990,Year 1-4,38552.21428571428
4,1990,Year 5-9,31479.155844155845
5,2016,Day 0-6,21846.744897959183
6,2016,Day 28-364,15922.811224489797
7,2016,Day 7-27,5715.234693877551
8,2016,Year 1-4,14894.020408163266
9,2016,Year 5-9,15641.142857142857
